대우,,,,NNP,*,F,대우,*,*,*,*,*
구글,,,,NNP,*,T,구글,*,*,*,*,*
공천포,,,,NNP,*,F,*,*,*,*,*,*
민오름(조천읍),,,,NNP,*,F,*,*,*,*,*,*
제주빅볼랜드,,,,NNP,*,F,*,*,*,*,*,*
마오름(맞보기)(안덕),,,,NNP,*,T,*,*,*,*,*,*
제주월드21,,,,NNP,*,T,*,*,*,*,*,*
"과오름(큰오름, 샛오름, 말젯오름)",,,,NNP,*,T,*,*,*,*,*,*
백약이오름,,,,NNP,*,T,*,*,*,*,*,*
오름터 민속마을,,,,NNP,*,T,*,*,*,*,*,*
제주실탄사격장,,,,NNP,*,T,*,*,*,*,*,*
제주승마공원,,,,NNP,*,T,*,*,*,*,*,*
"광이오름 (괭이오름, 肝列岳)",,,,NNP,*,T,*,*,*,*,*,*
제주카약,,,,NNP,*,T,*,*,*,*,*,*
서건도,,,,NNP,*,F,*,*,*,*,*,*
묵리처녀당,,,,NNP,*,T,*,*,*,*,*,*
법화사지,,,,NNP,*,F,*,*,*,*,*,*
제주프린지페스티벌,,,,NNP,*,T,*,*,*,*,*,*
스쿠버스쿨,,,,NNP,*,T,*,*,*,*,*,*
새신오름(신서악),,,,NNP,*,T,*,*,*,*,*,*
수악 (물오름),,,,NNP,*,T,*,*,*,*,*,*
타보카 월정리투명카약,,,,NNP,*,T,*,*,*,*,*,*
지포뮤지엄,,,,NNP,*,T,*,*,*,*,*,*
쉬리의언덕,,,,NNP,*,T,*,*,*,*,*,*
"방주오름 (방지오름, 방제오름)",,,,NNP,*,T,*,*,*,*,*,*
제주월드컵경기장,,,,NNP,*,T,*,*,*,*,*,*
제주돌마을공원,,,,NNP,*,T,*,*,*,*,*,*
시민축구장,,,,NNP,*,T,*,*,*,*,*,*
삼매봉,,,,NNP,*,T,*,*,*,*,*,*
삼사석,,,,NNP,*,T,*,*,*,*,*,*
안돌오름,,,,NNP,*,T,*,*,*,*,*,*
붉은오름(표선면),,,,NNP,*,T,*,*,*,*,*,*
서귀포자연휴양림,,,,NNP,*,T,*,*,*,*,*,*
엉알해안,,,,NNP,*,T,*,*,*,*,*,*
산세미오름 (삼산이오름),,,,NNP,*,T,*,*,*,*,*,*
클럽나인브릿지,,,,NNP,*,F,*,*,*,*,*,*
그랑블루호(선상낚시),,,,NNP,*,T,*,*,*,*,*,*
한라산영실코스,,,,NNP,*,F,*,*,*,*,*,*
삼각봉,,,,NNP,*,T,*,*,*,*,*,*
거문오름승마체험장,,,,NNP,*,T,*,*,*,*,*,*
홍가시나무길(탐라대),,,,NNP,*,T,*,*,*,*,*,*
법정악(법정이),,,,NNP,*,T,*,*,*,*,*,*
모슬봉 (모슬개오름),,,,NNP,*,T,*,*,*,*,*,*
빌레못동굴,,,,NNP,*,T,*,*,*,*,*,*
제주유람선,,,,NNP,*,T,*,*,*,*,*,*
삼형제오름,,,,NNP,*,T,*,*,*,*,*,*
사계해안도로,,,,NNP,*,F,*,*,*,*,*,*
참굴비조형물,,,,NNP,*,T,*,*,*,*,*,*
테디베어사파리 테지움,,,,NNP,*,T,*,*,*,*,*,*
"고내봉(고내오름,고니오름,망오름)",,,,NNP,*,T,*,*,*,*,*,*
예초리포구,,,,NNP,*,F,*,*,*,*,*,*
추자도 숭어체험장,,,,NNP,*,T,*,*,*,*,*,*
통오름,,,,NNP,*,T,*,*,*,*,*,*
논짓물,,,,NNP,*,T,*,*,*,*,*,*
송죽사터,,,,NNP,*,F,*,*,*,*,*,*
해피맘하우스,,,,NNP,*,F,*,*,*,*,*,*
제주에코승마장(구.제주승마장),,,,NNP,*,T,*,*,*,*,*,*
그랑블루호 선상낚시,,,,NNP,*,F,*,*,*,*,*,*
송당본향당,,,,NNP,*,T,*,*,*,*,*,*
"대왕산 (왕뫼, 왕메, 왕미)",,,,NNP,*,T,*,*,*,*,*,*
제라진 제주오프로드 사파리,,,,NNP,*,F,*,*,*,*,*,*
제주불빛정원 테마파크,,,,NNP,*,F,*,*,*,*,*,*
소남머리,,,,NNP,*,F,*,*,*,*,*,*
송악산 진지동굴,,,,NNP,*,T,*,*,*,*,*,*
김녕요트투어,,,,NNP,*,F,*,*,*,*,*,*
제주올레 15-A코스,,,,NNP,*,F,*,*,*,*,*,*
공천포구,,,,NNP,*,F,*,*,*,*,*,*
중문승마공원,,,,NNP,*,T,*,*,*,*,*,*
보목포구,,,,NNP,*,F,*,*,*,*,*,*
번개과학체험관,,,,NNP,*,T,*,*,*,*,*,*
샘이오름,,,,NNP,*,T,*,*,*,*,*,*
나틸다,,,,NNP,*,F,*,*,*,*,*,*
제주난타,,,,NNP,*,F,*,*,*,*,*,*
용연카누클럽,,,,NNP,*,T,*,*,*,*,*,*
케이제주씨워킹,,,,NNP,*,T,*,*,*,*,*,*
범섬,,,,NNP,*,T,*,*,*,*,*,*
1100고지습지,,,,NNP,*,F,*,*,*,*,*,*
천주교 순례길 - 김대건길,,,,NNP,*,T,*,*,*,*,*,*
북촌환해장성,,,,NNP,*,T,*,*,*,*,*,*
박수기정,,,,NNP,*,T,*,*,*,*,*,*
아프리카박물관,,,,NNP,*,T,*,*,*,*,*,*
핸즈웍스,,,,NNP,*,F,*,*,*,*,*,*
귀덕연대,,,,NNP,*,F,*,*,*,*,*,*
모라이,,,,NNP,*,F,*,*,*,*,*,*
천주교 순례길 - 김기량길,,,,NNP,*,T,*,*,*,*,*,*
제주레이크힐스컨트리클럽,,,,NNP,*,T,*,*,*,*,*,*
최영장군사당,,,,NNP,*,T,*,*,*,*,*,*
별방진,,,,NNP,*,T,*,*,*,*,*,*
다빈치뮤지엄,,,,NNP,*,T,*,*,*,*,*,*
"저지오름(닥몰오름,새오름)",,,,NNP,*,T,*,*,*,*,*,*
김녕 월정 지질트레일,,,,NNP,*,T,*,*,*,*,*,*
당오름(안덕면),,,,NNP,*,T,*,*,*,*,*,*
서귀포예술의전당,,,,NNP,*,T,*,*,*,*,*,*
제주힐CC,,,,NNP,*,T,*,*,*,*,*,*
"들레오름 (月坪峰, 月來岳, 月下岳)",,,,NNP,*,T,*,*,*,*,*,*
큰바리메오름,,,,NNP,*,T,*,*,*,*,*,*
우도올레보트,,,,NNP,*,F,*,*,*,*,*,*
카멜리아힐,,,,NNP,*,T,*,*,*,*,*,*
새끼오름 (샛기오름),,,,NNP,*,T,*,*,*,*,*,*
재밋섬파크,,,,NNP,*,F,*,*,*,*,*,*
표선해수욕장,,,,NNP,*,T,*,*,*,*,*,*
이중섭거리,,,,NNP,*,F,*,*,*,*,*,*
한울랜드,,,,NNP,*,F,*,*,*,*,*,*
숫모르편백나무숲길,,,,NNP,*,T,*,*,*,*,*,*
소정방폭포,,,,NNP,*,F,*,*,*,*,*,*
황우지해안 열두굴,,,,NNP,*,T,*,*,*,*,*,*
족은사슴이오름,,,,NNP,*,T,*,*,*,*,*,*
검멀레해변,,,,NNP,*,T,*,*,*,*,*,*
태흥포구,,,,NNP,*,F,*,*,*,*,*,*
다려도,,,,NNP,*,F,*,*,*,*,*,*
그랑블루 요트투어,,,,NNP,*,F,*,*,*,*,*,*
금룡사,,,,NNP,*,F,*,*,*,*,*,*
전농로 서사라문화거리,,,,NNP,*,F,*,*,*,*,*,*
왕이메오름,,,,NNP,*,T,*,*,*,*,*,*
풋감마을 소길리 농어촌체험마을,,,,NNP,*,T,*,*,*,*,*,*
거믄여해안경승지,,,,NNP,*,F,*,*,*,*,*,*
제주현대미술관,,,,NNP,*,T,*,*,*,*,*,*
제주민속박물관,,,,NNP,*,T,*,*,*,*,*,*
하멜상선전시관,,,,NNP,*,T,*,*,*,*,*,*
산방산,,,,NNP,*,T,*,*,*,*,*,*
삼양해수욕장,,,,NNP,*,T,*,*,*,*,*,*
중앙병원,,,,NNP,*,T,*,*,*,*,*,*
북촌돌하르방미술관,,,,NNP,*,T,*,*,*,*,*,*
우도보물섬레져,,,,NNP,*,F,*,*,*,*,*,*
우도현대렌트,,,,NNP,*,F,*,*,*,*,*,*
살핀오름,,,,NNP,*,T,*,*,*,*,*,*
소수산봉(족은물뫼),,,,NNP,*,T,*,*,*,*,*,*
썬플라워의원,,,,NNP,*,T,*,*,*,*,*,*
추자도,,,,NNP,*,F,*,*,*,*,*,*
마라도등대,,,,NNP,*,F,*,*,*,*,*,*
대유ATV수렵사격랜드,,,,NNP,*,F,*,*,*,*,*,*
"검은덕이(검은데기,금덕오름,검은덕오름,今德)",,,,NNP,*,T,*,*,*,*,*,*
우도팔경레져,,,,NNP,*,F,*,*,*,*,*,*
화순리 유채꽃길,,,,NNP,*,T,*,*,*,*,*,*
해비치컨트리클럽제주,,,,NNP,*,F,*,*,*,*,*,*
손지오름,,,,NNP,*,T,*,*,*,*,*,*
조안베어뮤지엄,,,,NNP,*,T,*,*,*,*,*,*
서귀포칠십리시공원,,,,NNP,*,T,*,*,*,*,*,*
성읍목장,,,,NNP,*,T,*,*,*,*,*,*
평수포구,,,,NNP,*,F,*,*,*,*,*,*
돛오름,,,,NNP,*,T,*,*,*,*,*,*
삼의양오름,,,,NNP,*,T,*,*,*,*,*,*
제주4.3평화공원,,,,NNP,*,T,*,*,*,*,*,*
성읍녹차마을,,,,NNP,*,T,*,*,*,*,*,*
성불오름,,,,NNP,*,T,*,*,*,*,*,*
제주올레 20코스,,,,NNP,*,F,*,*,*,*,*,*
제주컨트리클럽,,,,NNP,*,T,*,*,*,*,*,*
평화통일 불사리탑,,,,NNP,*,T,*,*,*,*,*,*
"더럭초등학교(구, 더럭분교)",,,,NNP,*,T,*,*,*,*,*,*
가마오름,,,,NNP,*,T,*,*,*,*,*,*
월대천,,,,NNP,*,T,*,*,*,*,*,*
중엄리새물,,,,NNP,*,T,*,*,*,*,*,*
차귀도 자구내포구,,,,NNP,*,F,*,*,*,*,*,*
보물섬하이킹,,,,NNP,*,T,*,*,*,*,*,*
부소악 (부소오름),,,,NNP,*,T,*,*,*,*,*,*
이중섭거주지,,,,NNP,*,F,*,*,*,*,*,*
일출랜드,,,,NNP,*,F,*,*,*,*,*,*
한담해변,,,,NNP,*,T,*,*,*,*,*,*
월산봉,,,,NNP,*,T,*,*,*,*,*,*
파군봉(바굼지오름),,,,NNP,*,T,*,*,*,*,*,*
성읍승마장,,,,NNP,*,T,*,*,*,*,*,*
위미리 동백나무군락,,,,NNP,*,T,*,*,*,*,*,*
마오름(한경),,,,NNP,*,T,*,*,*,*,*,*
엉또폭포,,,,NNP,*,F,*,*,*,*,*,*
알작지해변,,,,NNP,*,T,*,*,*,*,*,*
온평리 포구,,,,NNP,*,F,*,*,*,*,*,*
민오름(구좌읍),,,,NNP,*,T,*,*,*,*,*,*
선운정사,,,,NNP,*,F,*,*,*,*,*,*
웃세오름(누운오름),,,,NNP,*,T,*,*,*,*,*,*
당오름(한경면),,,,NNP,*,T,*,*,*,*,*,*
수산저수지,,,,NNP,*,F,*,*,*,*,*,*
밝은오름 (명월오름),,,,NNP,*,T,*,*,*,*,*,*
걸매생태공원,,,,NNP,*,T,*,*,*,*,*,*
제주교육박물관,,,,NNP,*,T,*,*,*,*,*,*
돌미오름,,,,NNP,*,T,*,*,*,*,*,*
추자연도교,,,,NNP,*,F,*,*,*,*,*,*
드라마월드,,,,NNP,*,F,*,*,*,*,*,*
장생의 숲길,,,,NNP,*,T,*,*,*,*,*,*
전망대(종달리),,,,NNP,*,T,*,*,*,*,*,*
간세공방,,,,NNP,*,T,*,*,*,*,*,*
수월봉,,,,NNP,*,T,*,*,*,*,*,*
금능포구,,,,NNP,*,F,*,*,*,*,*,*
산양곶자왈,,,,NNP,*,T,*,*,*,*,*,*
기독교순례길 4코스(화해의길),,,,NNP,*,T,*,*,*,*,*,*
제주종합경기장,,,,NNP,*,T,*,*,*,*,*,*
제주항일기념관,,,,NNP,*,T,*,*,*,*,*,*
황우럭만화천국사회적협동조합,,,,NNP,*,T,*,*,*,*,*,*
북오름 (鼓岳),,,,NNP,*,T,*,*,*,*,*,*
금덕무환자나무및팽나무군락,,,,NNP,*,T,*,*,*,*,*,*
월정리해안도로,,,,NNP,*,F,*,*,*,*,*,*
제주 더팔팔농장,,,,NNP,*,T,*,*,*,*,*,*
지그리오름 (큰지그리),,,,NNP,*,T,*,*,*,*,*,*
대천이오름,,,,NNP,*,T,*,*,*,*,*,*
왈종미술관,,,,NNP,*,T,*,*,*,*,*,*
문섬(서귀포해양도립공원),,,,NNP,*,T,*,*,*,*,*,*
이레다원캠핑장,,,,NNP,*,T,*,*,*,*,*,*
비치미오름,,,,NNP,*,T,*,*,*,*,*,*
마복이오름,,,,NNP,*,T,*,*,*,*,*,*
우도부릉부릉레져,,,,NNP,*,F,*,*,*,*,*,*
"골머리 (洞山, 笏頭岳, 아흔아홉골)",,,,NNP,*,T,*,*,*,*,*,*
옷 귀마테마타운,,,,NNP,*,T,*,*,*,*,*,*
남두연대,,,,NNP,*,F,*,*,*,*,*,*
중문관광단지,,,,NNP,*,F,*,*,*,*,*,*
김만덕기념관,,,,NNP,*,T,*,*,*,*,*,*
더마카트,,,,NNP,*,F,*,*,*,*,*,*
밝은오름,,,,NNP,*,T,*,*,*,*,*,*
신비의도로카트체험장,,,,NNP,*,T,*,*,*,*,*,*
서귀다원,,,,NNP,*,T,*,*,*,*,*,*
김영수도서관,,,,NNP,*,T,*,*,*,*,*,*
로봇스퀘어,,,,NNP,*,F,*,*,*,*,*,*
용담/용두암 해안도로,,,,NNP,*,F,*,*,*,*,*,*
제주워터월드,,,,NNP,*,F,*,*,*,*,*,*
"미악산 (오름, 쌀오름, 솔오름)",,,,NNP,*,T,*,*,*,*,*,*
밧돌오름,,,,NNP,*,T,*,*,*,*,*,*
북오름,,,,NNP,*,T,*,*,*,*,*,*
초원승마장,,,,NNP,*,T,*,*,*,*,*,*
"알밤(알바매기, 알밤오름)",,,,NNP,*,T,*,*,*,*,*,*
성산·오조 지질트레일,,,,NNP,*,T,*,*,*,*,*,*
답다니탑망대,,,,NNP,*,F,*,*,*,*,*,*
검멀레동굴,,,,NNP,*,T,*,*,*,*,*,*
가새기오름,,,,NNP,*,T,*,*,*,*,*,*
노꼬메족은오름 (小鹿古山),,,,NNP,*,T,*,*,*,*,*,*
연대포구,,,,NNP,*,F,*,*,*,*,*,*
그린크루즈(산방산유람선),,,,NNP,*,T,*,*,*,*,*,*
조랑말체험공원,,,,NNP,*,T,*,*,*,*,*,*
중문단지 축구장,,,,NNP,*,T,*,*,*,*,*,*
조은승마장,,,,NNP,*,T,*,*,*,*,*,*
우도산호해변 홍조단괴 서빈백사,,,,NNP,*,F,*,*,*,*,*,*
연화못,,,,NNP,*,T,*,*,*,*,*,*
약천사,,,,NNP,*,F,*,*,*,*,*,*
제주국제컨벤션센터 icc,,,,NNP,*,T,*,*,*,*,*,*
세미오름(샘이오름),,,,NNP,*,T,*,*,*,*,*,*
제주대학교병원,,,,NNP,*,T,*,*,*,*,*,*
THE WE,,,,NNP,*,T,*,*,*,*,*,*
제주 패러글라이딩 스쿨,,,,NNP,*,T,*,*,*,*,*,*
조천만세동산,,,,NNP,*,T,*,*,*,*,*,*
(주)제주해양레저 투명카약,,,,NNP,*,T,*,*,*,*,*,*
단산(바굼지오름),,,,NNP,*,T,*,*,*,*,*,*
만벵듸 공동장지,,,,NNP,*,F,*,*,*,*,*,*
중문골프장,,,,NNP,*,T,*,*,*,*,*,*
넥슨컴퓨터박물관,,,,NNP,*,T,*,*,*,*,*,*
제주러브랜드,,,,NNP,*,F,*,*,*,*,*,*
오조포구,,,,NNP,*,F,*,*,*,*,*,*
제주올레 7-1코스,,,,NNP,*,F,*,*,*,*,*,*
박물관은 살아있다,,,,NNP,*,F,*,*,*,*,*,*
도두항,,,,NNP,*,T,*,*,*,*,*,*
수월이못,,,,NNP,*,T,*,*,*,*,*,*
반 고흐 인사이드,,,,NNP,*,F,*,*,*,*,*,*
우도등대,,,,NNP,*,F,*,*,*,*,*,*
농업회사법인(주)태반의땅제주,,,,NNP,*,F,*,*,*,*,*,*
해품은체험농장,,,,NNP,*,T,*,*,*,*,*,*
골프탕탕,,,,NNP,*,T,*,*,*,*,*,*
가파도 마라도 정기여객선,,,,NNP,*,T,*,*,*,*,*,*
조천비석거리,,,,NNP,*,F,*,*,*,*,*,*
제주플래티늄카라반,,,,NNP,*,T,*,*,*,*,*,*
우도 비양도,,,,NNP,*,F,*,*,*,*,*,*
두멩이골목,,,,NNP,*,T,*,*,*,*,*,*
용두암해안도로카페거리,,,,NNP,*,F,*,*,*,*,*,*
금능석물원,,,,NNP,*,T,*,*,*,*,*,*
비양도의 비양나무자생지,,,,NNP,*,F,*,*,*,*,*,*
제주옹기굴제,,,,NNP,*,F,*,*,*,*,*,*
자구네포구,,,,NNP,*,F,*,*,*,*,*,*
걸매축구장,,,,NNP,*,T,*,*,*,*,*,*
산방산 수국,,,,NNP,*,T,*,*,*,*,*,*
김녕금속공예벽화마을,,,,NNP,*,T,*,*,*,*,*,*
성굽길,,,,NNP,*,T,*,*,*,*,*,*
함덕야영장,,,,NNP,*,T,*,*,*,*,*,*
건강과성박물관,,,,NNP,*,T,*,*,*,*,*,*
방주교회,,,,NNP,*,F,*,*,*,*,*,*
김경숙해바라기농장,,,,NNP,*,T,*,*,*,*,*,*
용수항,,,,NNP,*,T,*,*,*,*,*,*
시크릿가든촬영지,,,,NNP,*,F,*,*,*,*,*,*
서부두명품횟집거리,,,,NNP,*,F,*,*,*,*,*,*
올레여행자센터,,,,NNP,*,F,*,*,*,*,*,*
상효원,,,,NNP,*,T,*,*,*,*,*,*
하모씨워킹,,,,NNP,*,T,*,*,*,*,*,*
동복환해장성,,,,NNP,*,T,*,*,*,*,*,*
장전리 벚꽃축제길,,,,NNP,*,T,*,*,*,*,*,*
아라리오뮤지엄탑동시네마,,,,NNP,*,F,*,*,*,*,*,*
산방산 랜드,,,,NNP,*,F,*,*,*,*,*,*
남원종합경기장,,,,NNP,*,T,*,*,*,*,*,*
아쿠아플라넷 제주,,,,NNP,*,F,*,*,*,*,*,*
새연교,,,,NNP,*,F,*,*,*,*,*,*
제주하늘을날다(패러글라이딩),,,,NNP,*,T,*,*,*,*,*,*
오설록티뮤지엄,,,,NNP,*,T,*,*,*,*,*,*
서귀포 궁도장(천지정),,,,NNP,*,T,*,*,*,*,*,*
세화해변,,,,NNP,*,T,*,*,*,*,*,*
큰사슴이오름,,,,NNP,*,T,*,*,*,*,*,*
도리미오름,,,,NNP,*,T,*,*,*,*,*,*
모슬포항,,,,NNP,*,T,*,*,*,*,*,*
송계순집터,,,,NNP,*,F,*,*,*,*,*,*
김녕해수욕장야영장,,,,NNP,*,T,*,*,*,*,*,*
체오름,,,,NNP,*,T,*,*,*,*,*,*
비양봉,,,,NNP,*,T,*,*,*,*,*,*
"무악(개오름,오름,무오름)",,,,NNP,*,T,*,*,*,*,*,*
에버리스 골프리조트,,,,NNP,*,F,*,*,*,*,*,*
"자배봉(자배오름,망오름)",,,,NNP,*,T,*,*,*,*,*,*
"당산봉(당오름,차귀오름)",,,,NNP,*,T,*,*,*,*,*,*
발이오름,,,,NNP,*,T,*,*,*,*,*,*
아끈다랑쉬,,,,NNP,*,F,*,*,*,*,*,*
"돈두미오름(돈도름,돈대미)",,,,NNP,*,T,*,*,*,*,*,*
신대산전망대,,,,NNP,*,F,*,*,*,*,*,*
동굴의 다원 다희연[리모델링중],,,,NNP,*,T,*,*,*,*,*,*
맬튼개 갯담,,,,NNP,*,T,*,*,*,*,*,*
도두봉,,,,NNP,*,T,*,*,*,*,*,*
하귀해안도로,,,,NNP,*,F,*,*,*,*,*,*
제주바다체험장,,,,NNP,*,T,*,*,*,*,*,*
하고수동해변,,,,NNP,*,T,*,*,*,*,*,*
중문미로파크,,,,NNP,*,F,*,*,*,*,*,*
우도해운 / 우도 가는 배,,,,NNP,*,F,*,*,*,*,*,*
라온승마클럽,,,,NNP,*,T,*,*,*,*,*,*
마라도(마라해양도립공원),,,,NNP,*,T,*,*,*,*,*,*
퍼시픽 리솜 요트투어 샹그릴라,,,,NNP,*,F,*,*,*,*,*,*
제주힐링명상센터,,,,NNP,*,F,*,*,*,*,*,*
월평포구,,,,NNP,*,F,*,*,*,*,*,*
삼바 두 브라질,,,,NNP,*,T,*,*,*,*,*,*
제주랜드ATV,,,,NNP,*,T,*,*,*,*,*,*
아날로그감귤밭,,,,NNP,*,T,*,*,*,*,*,*
용머리해안,,,,NNP,*,T,*,*,*,*,*,*
걸시오름,,,,NNP,*,T,*,*,*,*,*,*
사계해변,,,,NNP,*,T,*,*,*,*,*,*
올레캠프 본점 알파캠프,,,,NNP,*,F,*,*,*,*,*,*
상여오름,,,,NNP,*,T,*,*,*,*,*,*
스프링데일CC,,,,NNP,*,T,*,*,*,*,*,*
우도박물관,,,,NNP,*,T,*,*,*,*,*,*
노을승마장,,,,NNP,*,T,*,*,*,*,*,*
수목원테마파크,,,,NNP,*,F,*,*,*,*,*,*
바람모루,,,,NNP,*,F,*,*,*,*,*,*
설오름(서리오름),,,,NNP,*,T,*,*,*,*,*,*
성진이오름(개오름),,,,NNP,*,T,*,*,*,*,*,*
한라생태숲,,,,NNP,*,T,*,*,*,*,*,*
대정해변(하모해변),,,,NNP,*,T,*,*,*,*,*,*
돔베낭골,,,,NNP,*,T,*,*,*,*,*,*
더데오름(가가악),,,,NNP,*,T,*,*,*,*,*,*
톨칸이,,,,NNP,*,F,*,*,*,*,*,*
산천단,,,,NNP,*,T,*,*,*,*,*,*
형제해안로전망대,,,,NNP,*,F,*,*,*,*,*,*
형제섬,,,,NNP,*,T,*,*,*,*,*,*
돈내코,,,,NNP,*,F,*,*,*,*,*,*
세미오름(삼의양오름),,,,NNP,*,T,*,*,*,*,*,*
단산과 방사탑,,,,NNP,*,T,*,*,*,*,*,*
마라도성당,,,,NNP,*,T,*,*,*,*,*,*
오백나한,,,,NNP,*,T,*,*,*,*,*,*
사려니오름,,,,NNP,*,T,*,*,*,*,*,*
고산일과해안도로,,,,NNP,*,F,*,*,*,*,*,*
민오름(봉개동),,,,NNP,*,T,*,*,*,*,*,*
추사 유배길 - 1코스 집념의 길,,,,NNP,*,T,*,*,*,*,*,*
저지 예술인 마을,,,,NNP,*,T,*,*,*,*,*,*
한국병원,,,,NNP,*,T,*,*,*,*,*,*
이랜드뮤지엄,,,,NNP,*,T,*,*,*,*,*,*
납읍난대림 금산공원,,,,NNP,*,T,*,*,*,*,*,*
대록산(큰사슴이),,,,NNP,*,T,*,*,*,*,*,*
동계 정온 유허비,,,,NNP,*,F,*,*,*,*,*,*
삼의봉,,,,NNP,*,T,*,*,*,*,*,*
영천악(영천오름),,,,NNP,*,T,*,*,*,*,*,*
황금굴(한림공원),,,,NNP,*,T,*,*,*,*,*,*
익스트림제주카약올레,,,,NNP,*,F,*,*,*,*,*,*
정물오름,,,,NNP,*,T,*,*,*,*,*,*
당오름,,,,NNP,*,T,*,*,*,*,*,*
"대수산봉(큰물뫼,물미오름)",,,,NNP,*,T,*,*,*,*,*,*
세화해안도로,,,,NNP,*,F,*,*,*,*,*,*
용연,,,,NNP,*,T,*,*,*,*,*,*
원수악,,,,NNP,*,T,*,*,*,*,*,*
천주교길 정난주길(고통의길),,,,NNP,*,T,*,*,*,*,*,*
돔배오름,,,,NNP,*,T,*,*,*,*,*,*
그리스신화박물관 / 트릭아이미술관,,,,NNP,*,T,*,*,*,*,*,*
"보롬이(하논, 화구구)",,,,NNP,*,T,*,*,*,*,*,*
화순금모래해수욕장,,,,NNP,*,T,*,*,*,*,*,*
쇠머리오름(우도봉),,,,NNP,*,T,*,*,*,*,*,*
광치기해변,,,,NNP,*,T,*,*,*,*,*,*
허브동산 미디어 파사드 (media facade),,,,NNP,*,T,*,*,*,*,*,*
렛츠런팜 양귀비꽃,,,,NNP,*,T,*,*,*,*,*,*
알뜨르비행장,,,,NNP,*,T,*,*,*,*,*,*
한라산어리목코스,,,,NNP,*,F,*,*,*,*,*,*
제주성지,,,,NNP,*,F,*,*,*,*,*,*
전쟁평화박물관,,,,NNP,*,T,*,*,*,*,*,*
말이달리는밤에,,,,NNP,*,F,*,*,*,*,*,*
해맞이해안로,,,,NNP,*,F,*,*,*,*,*,*
천지연기정길,,,,NNP,*,T,*,*,*,*,*,*
벨리타,,,,NNP,*,F,*,*,*,*,*,*
민속자연사박물관,,,,NNP,*,T,*,*,*,*,*,*
세화항,,,,NNP,*,T,*,*,*,*,*,*
야몬딱털장,,,,NNP,*,T,*,*,*,*,*,*
누웨마루거리(구 바오젠),,,,NNP,*,T,*,*,*,*,*,*
알진오름(안친오름),,,,NNP,*,T,*,*,*,*,*,*
제주쥬티클럽,,,,NNP,*,T,*,*,*,*,*,*
두맹이골목,,,,NNP,*,T,*,*,*,*,*,*
제주문예회관,,,,NNP,*,T,*,*,*,*,*,*
이중섭미술관,,,,NNP,*,T,*,*,*,*,*,*
돌하르방 캠핑장,,,,NNP,*,T,*,*,*,*,*,*
산지등대,,,,NNP,*,F,*,*,*,*,*,*
새별오름,,,,NNP,*,T,*,*,*,*,*,*
알오름(성산읍),,,,NNP,*,T,*,*,*,*,*,*
상추자마을길,,,,NNP,*,T,*,*,*,*,*,*
머체오름 (마체오름),,,,NNP,*,T,*,*,*,*,*,*
한림해안도로,,,,NNP,*,F,*,*,*,*,*,*
용담레포츠공원,,,,NNP,*,T,*,*,*,*,*,*
토이파크,,,,NNP,*,F,*,*,*,*,*,*
점보빌리지,,,,NNP,*,F,*,*,*,*,*,*
제주 카카오캠핑,,,,NNP,*,T,*,*,*,*,*,*
청아투명카약,,,,NNP,*,T,*,*,*,*,*,*
로즈오닐과 앤티크큐피 전시관,,,,NNP,*,T,*,*,*,*,*,*
신도포구,,,,NNP,*,F,*,*,*,*,*,*
무수천,,,,NNP,*,T,*,*,*,*,*,*
웰컴테마파크,,,,NNP,*,F,*,*,*,*,*,*
베릿네오름,,,,NNP,*,T,*,*,*,*,*,*
수월봉(지질트레일),,,,NNP,*,T,*,*,*,*,*,*
차귀도요트,,,,NNP,*,F,*,*,*,*,*,*
항파두리항몽유적지,,,,NNP,*,F,*,*,*,*,*,*
돈대산산림휴양산책로,,,,NNP,*,F,*,*,*,*,*,*
원당봉,,,,NNP,*,T,*,*,*,*,*,*
방일리공원,,,,NNP,*,T,*,*,*,*,*,*
세리월드 테마파크,,,,NNP,*,F,*,*,*,*,*,*
월령포구,,,,NNP,*,F,*,*,*,*,*,*
돔박이오름 (동박악),,,,NNP,*,T,*,*,*,*,*,*
장미빛축제,,,,NNP,*,F,*,*,*,*,*,*
엉덩물계곡,,,,NNP,*,T,*,*,*,*,*,*
말찻,,,,NNP,*,T,*,*,*,*,*,*
까망고띠,,,,NNP,*,F,*,*,*,*,*,*
제주불교성지 순례길 절로 가는길 - 보시의 길,,,,NNP,*,T,*,*,*,*,*,*
제주올레 2코스,,,,NNP,*,F,*,*,*,*,*,*
방일봉 (방일이동산),,,,NNP,*,T,*,*,*,*,*,*
심헌갤러리,,,,NNP,*,F,*,*,*,*,*,*
각시바우오름,,,,NNP,*,T,*,*,*,*,*,*
"봉아오름(봉개오름,봉아름,붉은오름)",,,,NNP,*,T,*,*,*,*,*,*
가문이오름(감은이오름),,,,NNP,*,T,*,*,*,*,*,*
월나봉(도래오름),,,,NNP,*,T,*,*,*,*,*,*
현사포구,,,,NNP,*,F,*,*,*,*,*,*
번널오름 (벌판악),,,,NNP,*,T,*,*,*,*,*,*
부대악오름,,,,NNP,*,T,*,*,*,*,*,*
제주불교성지 순례길 절로 가는길 - 지계의 길,,,,NNP,*,T,*,*,*,*,*,*
들렁모루 산책길,,,,NNP,*,T,*,*,*,*,*,*
북돌아진오름,,,,NNP,*,T,*,*,*,*,*,*
곽지해수욕장,,,,NNP,*,T,*,*,*,*,*,*
갑선이오름,,,,NNP,*,T,*,*,*,*,*,*
닭머르해안길,,,,NNP,*,T,*,*,*,*,*,*
가세오름,,,,NNP,*,T,*,*,*,*,*,*
기독교순례길 2코스(순교의길),,,,NNP,*,T,*,*,*,*,*,*
가메오름,,,,NNP,*,T,*,*,*,*,*,*
렛츠런파크,,,,NNP,*,F,*,*,*,*,*,*
귤밭76번지,,,,NNP,*,F,*,*,*,*,*,*
별도봉,,,,NNP,*,T,*,*,*,*,*,*
신창~차귀해안도로,,,,NNP,*,F,*,*,*,*,*,*
관덕정,,,,NNP,*,T,*,*,*,*,*,*
소인국테마파크,,,,NNP,*,F,*,*,*,*,*,*
한남의숙터,,,,NNP,*,F,*,*,*,*,*,*
중문진실캠핑장,,,,NNP,*,T,*,*,*,*,*,*
삼화포구,,,,NNP,*,F,*,*,*,*,*,*
금능해수욕장,,,,NNP,*,T,*,*,*,*,*,*
절물오름(큰대나),,,,NNP,*,T,*,*,*,*,*,*
개오리오름,,,,NNP,*,T,*,*,*,*,*,*
예래해안도로,,,,NNP,*,F,*,*,*,*,*,*
낙선동 4.3,,,,NNP,*,T,*,*,*,*,*,*
제주불교성지 순례길 절로 가는길 - 정진의 길,,,,NNP,*,T,*,*,*,*,*,*
민오름(오라동),,,,NNP,*,T,*,*,*,*,*,*
제주불교성지 순례길 절로 가는길 - 인욕의 길,,,,NNP,*,T,*,*,*,*,*,*
이달봉,,,,NNP,*,T,*,*,*,*,*,*
제주공룡랜드,,,,NNP,*,F,*,*,*,*,*,*
월령선인장군락지,,,,NNP,*,F,*,*,*,*,*,*
하멜기념비,,,,NNP,*,F,*,*,*,*,*,*
한림항,,,,NNP,*,T,*,*,*,*,*,*
선녀와나무꾼,,,,NNP,*,T,*,*,*,*,*,*
하도리 철새도래지,,,,NNP,*,F,*,*,*,*,*,*
강정천유원지,,,,NNP,*,F,*,*,*,*,*,*
한라감귤체험농원,,,,NNP,*,T,*,*,*,*,*,*
도순다원,,,,NNP,*,T,*,*,*,*,*,*
서귀포항,,,,NNP,*,T,*,*,*,*,*,*
한라산단풍트래킹,,,,NNP,*,T,*,*,*,*,*,*
돌빛나예술학교,,,,NNP,*,F,*,*,*,*,*,*
돈대산,,,,NNP,*,T,*,*,*,*,*,*
도두해안도로,,,,NNP,*,F,*,*,*,*,*,*
아이리스촬영지(하얀등대),,,,NNP,*,T,*,*,*,*,*,*
지니어스 로사이,,,,NNP,*,F,*,*,*,*,*,*
김만덕객주,,,,NNP,*,F,*,*,*,*,*,*
주상절리대(중문대포해안),,,,NNP,*,T,*,*,*,*,*,*
폴리파크카라반,,,,NNP,*,T,*,*,*,*,*,*
원앙카라반캠핑장앤야영장,,,,NNP,*,T,*,*,*,*,*,*
상추자항,,,,NNP,*,T,*,*,*,*,*,*
모진이몽돌해변,,,,NNP,*,T,*,*,*,*,*,*
성산일출봉(UNESCO 세계자연유산),,,,NNP,*,T,*,*,*,*,*,*
묵리마을,,,,NNP,*,T,*,*,*,*,*,*
추자도등대,,,,NNP,*,F,*,*,*,*,*,*
묵리해안포구,,,,NNP,*,F,*,*,*,*,*,*
올레크루즈,,,,NNP,*,F,*,*,*,*,*,*
예초리기정길,,,,NNP,*,T,*,*,*,*,*,*
섬생이,,,,NNP,*,F,*,*,*,*,*,*
서광승마장,,,,NNP,*,T,*,*,*,*,*,*
봉글레산,,,,NNP,*,T,*,*,*,*,*,*
나바론절벽,,,,NNP,*,T,*,*,*,*,*,*
약천사 템플스테이,,,,NNP,*,F,*,*,*,*,*,*
해거름전망대,,,,NNP,*,F,*,*,*,*,*,*
남원 수국길,,,,NNP,*,T,*,*,*,*,*,*
생이기정,,,,NNP,*,T,*,*,*,*,*,*
윗세오름(웃세오름),,,,NNP,*,T,*,*,*,*,*,*
소천지,,,,NNP,*,F,*,*,*,*,*,*
세계술박물관,,,,NNP,*,T,*,*,*,*,*,*
곽지패총,,,,NNP,*,T,*,*,*,*,*,*
한모살 (표선백사장),,,,NNP,*,T,*,*,*,*,*,*
광령귤나무,,,,NNP,*,F,*,*,*,*,*,*
창고천생태공원,,,,NNP,*,T,*,*,*,*,*,*
돈내코유원지,,,,NNP,*,F,*,*,*,*,*,*
종달리해변,,,,NNP,*,T,*,*,*,*,*,*
대한민국최남단기념비/ 마라도 기념비,,,,NNP,*,F,*,*,*,*,*,*
제주올레 14-1코스,,,,NNP,*,F,*,*,*,*,*,*
섬속의섬우도렌트,,,,NNP,*,F,*,*,*,*,*,*
열리해안길,,,,NNP,*,T,*,*,*,*,*,*
하늘여행 행글라이더체험장,,,,NNP,*,T,*,*,*,*,*,*
동산농원 딸기체험장,,,,NNP,*,T,*,*,*,*,*,*
조수리 농어촌체험마을,,,,NNP,*,T,*,*,*,*,*,*
제주대학교 가는길,,,,NNP,*,T,*,*,*,*,*,*
산지항 옛터,,,,NNP,*,F,*,*,*,*,*,*
자리왓,,,,NNP,*,T,*,*,*,*,*,*
구엄리돌염전,,,,NNP,*,T,*,*,*,*,*,*
마라도관광쉼터,,,,NNP,*,F,*,*,*,*,*,*
성김대건신부표착기념관,,,,NNP,*,T,*,*,*,*,*,*
우도천진항,,,,NNP,*,T,*,*,*,*,*,*
제주올레 10코스,,,,NNP,*,F,*,*,*,*,*,*
피규어뮤지엄 제주,,,,NNP,*,F,*,*,*,*,*,*
서광리 곶자왈생태탐방로,,,,NNP,*,F,*,*,*,*,*,*
금붕사,,,,NNP,*,F,*,*,*,*,*,*
제주올레 13코스,,,,NNP,*,F,*,*,*,*,*,*
천왕사,,,,NNP,*,F,*,*,*,*,*,*
제주올레 8코스,,,,NNP,*,F,*,*,*,*,*,*
천제연폭포,,,,NNP,*,F,*,*,*,*,*,*
곽지해수욕장야영장,,,,NNP,*,T,*,*,*,*,*,*
우도봉 풍경,,,,NNP,*,T,*,*,*,*,*,*
뒤굽은이오름,,,,NNP,*,T,*,*,*,*,*,*
오림반,,,,NNP,*,T,*,*,*,*,*,*
대평포구,,,,NNP,*,F,*,*,*,*,*,*
송당승마장,,,,NNP,*,T,*,*,*,*,*,*
자구리공원,,,,NNP,*,T,*,*,*,*,*,*
참살이마을 명도암 농어촌체험마을,,,,NNP,*,T,*,*,*,*,*,*
백제사 템플스테이,,,,NNP,*,F,*,*,*,*,*,*
하예포구(예래포구),,,,NNP,*,T,*,*,*,*,*,*
금룡사 템플스테이,,,,NNP,*,F,*,*,*,*,*,*
제주스쿠터여행,,,,NNP,*,T,*,*,*,*,*,*
성산초등학교 서청특별중대 주둔지,,,,NNP,*,F,*,*,*,*,*,*
탐라신화공원,,,,NNP,*,T,*,*,*,*,*,*
선흘1리,,,,NNP,*,F,*,*,*,*,*,*
조이다이브,,,,NNP,*,F,*,*,*,*,*,*
제주곶자왈도립공원,,,,NNP,*,T,*,*,*,*,*,*
하논마르,,,,NNP,*,F,*,*,*,*,*,*
제주글램핑 (무한자미향),,,,NNP,*,T,*,*,*,*,*,*
낙타트래킹,,,,NNP,*,T,*,*,*,*,*,*
평대리불턱,,,,NNP,*,T,*,*,*,*,*,*
돔베낭길,,,,NNP,*,T,*,*,*,*,*,*
송악카트체험장,,,,NNP,*,T,*,*,*,*,*,*
해적잠수함,,,,NNP,*,T,*,*,*,*,*,*
영모원,,,,NNP,*,T,*,*,*,*,*,*
비자림로(드라이브코스),,,,NNP,*,T,*,*,*,*,*,*
오름열기구투어,,,,NNP,*,F,*,*,*,*,*,*
예초리,,,,NNP,*,F,*,*,*,*,*,*
쇠와꽃 승마장,,,,NNP,*,T,*,*,*,*,*,*
청수곶자왈,,,,NNP,*,T,*,*,*,*,*,*
구엄포구,,,,NNP,*,F,*,*,*,*,*,*
돝오름(돗오름),,,,NNP,*,T,*,*,*,*,*,*
굴동포구,,,,NNP,*,F,*,*,*,*,*,*
상추자포구,,,,NNP,*,F,*,*,*,*,*,*
동일리포구,,,,NNP,*,F,*,*,*,*,*,*
제주항 국제크루즈터미널,,,,NNP,*,T,*,*,*,*,*,*
제주해양동물박물관,,,,NNP,*,T,*,*,*,*,*,*
박성내,,,,NNP,*,F,*,*,*,*,*,*
김녕해안도로,,,,NNP,*,F,*,*,*,*,*,*
삼양해안도로,,,,NNP,*,F,*,*,*,*,*,*
진아영 할머니 집터,,,,NNP,*,F,*,*,*,*,*,*
검은오름,,,,NNP,*,T,*,*,*,*,*,*
월라봉,,,,NNP,*,T,*,*,*,*,*,*
곤흘동(곤을동) 마을터,,,,NNP,*,F,*,*,*,*,*,*
아이스뮤지엄,,,,NNP,*,T,*,*,*,*,*,*
제주키위 비자림농원,,,,NNP,*,T,*,*,*,*,*,*
신창리포구,,,,NNP,*,F,*,*,*,*,*,*
동거문이오름,,,,NNP,*,T,*,*,*,*,*,*
송당리,,,,NNP,*,F,*,*,*,*,*,*
북촌국민학교,,,,NNP,*,F,*,*,*,*,*,*
산방산 용머리해안 지질트레일,,,,NNP,*,T,*,*,*,*,*,*
북촌포구,,,,NNP,*,F,*,*,*,*,*,*
쉼터마을 유수암리 농어촌체험마을,,,,NNP,*,T,*,*,*,*,*,*
추사 유배길 - 3코스 사색의 길,,,,NNP,*,T,*,*,*,*,*,*
큰노꼬메오름,,,,NNP,*,T,*,*,*,*,*,*
무등이왓터,,,,NNP,*,F,*,*,*,*,*,*
민속해안로,,,,NNP,*,F,*,*,*,*,*,*
엉알해안산책로,,,,NNP,*,F,*,*,*,*,*,*
좌보미오름,,,,NNP,*,T,*,*,*,*,*,*
성산오조리해안,,,,NNP,*,T,*,*,*,*,*,*
우도 봉수대,,,,NNP,*,F,*,*,*,*,*,*
캐릭파크,,,,NNP,*,F,*,*,*,*,*,*
천주교 순례길 - 하논성당길,,,,NNP,*,T,*,*,*,*,*,*
판포포구,,,,NNP,*,F,*,*,*,*,*,*
묘산봉 (괴살메),,,,NNP,*,T,*,*,*,*,*,*
금성포구,,,,NNP,*,F,*,*,*,*,*,*
성산~세화 해안도로,,,,NNP,*,F,*,*,*,*,*,*
순례자의교회,,,,NNP,*,F,*,*,*,*,*,*
아홉굿마을 낙천리 농어촌체험마을,,,,NNP,*,T,*,*,*,*,*,*
플레이박스VR,,,,NNP,*,T,*,*,*,*,*,*
대림리선돌,,,,NNP,*,T,*,*,*,*,*,*
토종닭유통특구교래삼다수마을,,,,NNP,*,T,*,*,*,*,*,*
제주베스트힐 열기구랜드,,,,NNP,*,F,*,*,*,*,*,*
육시우영,,,,NNP,*,T,*,*,*,*,*,*
사계항,,,,NNP,*,T,*,*,*,*,*,*
문화예술마을 저지리 농어촌체험마을,,,,NNP,*,T,*,*,*,*,*,*
중문카라반,,,,NNP,*,T,*,*,*,*,*,*
협자연대,,,,NNP,*,F,*,*,*,*,*,*
황우지해안,,,,NNP,*,T,*,*,*,*,*,*
기독교순례길 1코스(순종의길),,,,NNP,*,T,*,*,*,*,*,*
모구리 야영장,,,,NNP,*,T,*,*,*,*,*,*
건강장수마을 산양리 농어촌체험마을,,,,NNP,*,T,*,*,*,*,*,*
태권뮤지컬 혼,,,,NNP,*,T,*,*,*,*,*,*
옹포포구,,,,NNP,*,F,*,*,*,*,*,*
쇼타임제주 옹알스 코미디 전용관,,,,NNP,*,T,*,*,*,*,*,*
법화사,,,,NNP,*,F,*,*,*,*,*,*
1100고지(휴게소),,,,NNP,*,T,*,*,*,*,*,*
화순금모래해수욕장담수수영장,,,,NNP,*,T,*,*,*,*,*,*
삼다수숲길,,,,NNP,*,T,*,*,*,*,*,*
대수포구,,,,NNP,*,F,*,*,*,*,*,*
눈물의십자가,,,,NNP,*,F,*,*,*,*,*,*
강병대교회,,,,NNP,*,F,*,*,*,*,*,*
발자국화석공원,,,,NNP,*,T,*,*,*,*,*,*
용둠범목제계단길,,,,NNP,*,T,*,*,*,*,*,*
제주시 충혼묘지 4·3추모비(박진경 추도비),,,,NNP,*,T,*,*,*,*,*,*
웃세오름(족은오름),,,,NNP,*,T,*,*,*,*,*,*
존자암지,,,,NNP,*,F,*,*,*,*,*,*
서귀본향당,,,,NNP,*,T,*,*,*,*,*,*
백제사,,,,NNP,*,F,*,*,*,*,*,*
연미마을(오라리 방화사건 현장),,,,NNP,*,T,*,*,*,*,*,*
비블리아성서식물원,,,,NNP,*,T,*,*,*,*,*,*
등머을레져,,,,NNP,*,F,*,*,*,*,*,*
산호레저,,,,NNP,*,F,*,*,*,*,*,*
도령모루,,,,NNP,*,F,*,*,*,*,*,*
이편한치과,,,,NNP,*,F,*,*,*,*,*,*
제원한의원,,,,NNP,*,T,*,*,*,*,*,*
신양항(하추자항),,,,NNP,*,T,*,*,*,*,*,*
애월 한담 카약,,,,NNP,*,T,*,*,*,*,*,*
제주돌하르방캠핑장,,,,NNP,*,T,*,*,*,*,*,*
후포해변,,,,NNP,*,T,*,*,*,*,*,*
신대해안,,,,NNP,*,T,*,*,*,*,*,*
우도스쿠터여행,,,,NNP,*,T,*,*,*,*,*,*
예초리해변,,,,NNP,*,T,*,*,*,*,*,*
조일구락부 옛터,,,,NNP,*,F,*,*,*,*,*,*
제주다이브 체험다이빙,,,,NNP,*,T,*,*,*,*,*,*
다랑쉬마을,,,,NNP,*,T,*,*,*,*,*,*
제주농업학교 옛터,,,,NNP,*,F,*,*,*,*,*,*
걸매예술마을,,,,NNP,*,T,*,*,*,*,*,*
SOS박물관,,,,NNP,*,T,*,*,*,*,*,*
신산환해장성,,,,NNP,*,T,*,*,*,*,*,*
천제연폭포 & 제주4.3중문면희생자위령비,,,,NNP,*,F,*,*,*,*,*,*
9연대 본부 옛터,,,,NNP,*,F,*,*,*,*,*,*
관음사 군 주둔지 옛터,,,,NNP,*,F,*,*,*,*,*,*
포도갤러리 in 포도호텔,,,,NNP,*,T,*,*,*,*,*,*
관음사 템플스테이,,,,NNP,*,F,*,*,*,*,*,*
종남마을,,,,NNP,*,T,*,*,*,*,*,*
제주기독교순례길,,,,NNP,*,T,*,*,*,*,*,*
누운오름(한림읍),,,,NNP,*,T,*,*,*,*,*,*
옹포천,,,,NNP,*,T,*,*,*,*,*,*
제주해양레저,,,,NNP,*,F,*,*,*,*,*,*
이호털보네배낚시,,,,NNP,*,F,*,*,*,*,*,*
녹고뫼 캠핑장,,,,NNP,*,T,*,*,*,*,*,*
알오름(표선면),,,,NNP,*,T,*,*,*,*,*,*
대정면 4.3사건 위령비,,,,NNP,*,F,*,*,*,*,*,*
삼밭구석 & 동광리4·3희생자위령비,,,,NNP,*,F,*,*,*,*,*,*
중문색달해변(해산물),,,,NNP,*,T,*,*,*,*,*,*
협재굴(한림공원),,,,NNP,*,T,*,*,*,*,*,*
중문리 신사터,,,,NNP,*,F,*,*,*,*,*,*
미천굴,,,,NNP,*,T,*,*,*,*,*,*
갯깍주상절리,,,,NNP,*,F,*,*,*,*,*,*
녹산로유채꽃길,,,,NNP,*,T,*,*,*,*,*,*
병악현무암지대,,,,NNP,*,F,*,*,*,*,*,*
팜파스그라스,,,,NNP,*,F,*,*,*,*,*,*
백년초농장박물관,,,,NNP,*,T,*,*,*,*,*,*
더마파크,,,,NNP,*,F,*,*,*,*,*,*
태권뮤지컬혼,,,,NNP,*,T,*,*,*,*,*,*
대정향교,,,,NNP,*,F,*,*,*,*,*,*
서귀포잠수함(대국해저관광),,,,NNP,*,T,*,*,*,*,*,*
천주교 순례길 - 신축화해길,,,,NNP,*,T,*,*,*,*,*,*
엄바위장승,,,,NNP,*,T,*,*,*,*,*,*
제주국제공항,,,,NNP,*,T,*,*,*,*,*,*
비자림,,,,NNP,*,T,*,*,*,*,*,*
퍼시픽 리솜 마린스테이지,,,,NNP,*,F,*,*,*,*,*,*
제주국제평화센터,,,,NNP,*,F,*,*,*,*,*,*
성클라라수도원 금악성당,,,,NNP,*,T,*,*,*,*,*,*
제주오렌지,,,,NNP,*,F,*,*,*,*,*,*
터진목 & 성산면 4·3희생자 위령비,,,,NNP,*,F,*,*,*,*,*,*
제주소주 코스모스밭,,,,NNP,*,T,*,*,*,*,*,*
신엄포구,,,,NNP,*,F,*,*,*,*,*,*
삼양방파제,,,,NNP,*,F,*,*,*,*,*,*
신비의도로,,,,NNP,*,F,*,*,*,*,*,*
흑돼지거리,,,,NNP,*,F,*,*,*,*,*,*
강정어촌계,,,,NNP,*,F,*,*,*,*,*,*
화북비석거리,,,,NNP,*,F,*,*,*,*,*,*
본태박물관,,,,NNP,*,T,*,*,*,*,*,*
아라리오뮤지엄동문모텔1,,,,NNP,*,T,*,*,*,*,*,*
제주김녕미로공원,,,,NNP,*,T,*,*,*,*,*,*
아라리오뮤지엄동문모텔2,,,,NNP,*,T,*,*,*,*,*,*
김녕 청굴물,,,,NNP,*,T,*,*,*,*,*,*
갤러리2 중선농원,,,,NNP,*,T,*,*,*,*,*,*
피크닉메이트,,,,NNP,*,F,*,*,*,*,*,*
동귀방파제,,,,NNP,*,F,*,*,*,*,*,*
설쿰바당,,,,NNP,*,T,*,*,*,*,*,*
예술공간 이아,,,,NNP,*,F,*,*,*,*,*,*
문화공간 양,,,,NNP,*,T,*,*,*,*,*,*
안덕면 사계어촌계,,,,NNP,*,F,*,*,*,*,*,*
직접 내 손으로 채취할 수 있는 해산물이라구<제주 바릇잡이 할 수 있는 포인트>,,,,NNP,*,T,*,*,*,*,*,*
브릭캠퍼스,,,,NNP,*,F,*,*,*,*,*,*
마라도잠수함,,,,NNP,*,T,*,*,*,*,*,*
서우봉,,,,NNP,*,T,*,*,*,*,*,*
삼양 셋다리물,,,,NNP,*,T,*,*,*,*,*,*
태웃개,,,,NNP,*,F,*,*,*,*,*,*
구좌 하도어촌계,,,,NNP,*,F,*,*,*,*,*,*
함덕어촌계,,,,NNP,*,F,*,*,*,*,*,*
외도 월대천,,,,NNP,*,T,*,*,*,*,*,*
정의현 일관헌,,,,NNP,*,T,*,*,*,*,*,*
관음사,,,,NNP,*,F,*,*,*,*,*,*
붉은오름 자연휴양림,,,,NNP,*,T,*,*,*,*,*,*
제주도립김창열미술관,,,,NNP,*,T,*,*,*,*,*,*
헬로키티아일랜드,,,,NNP,*,F,*,*,*,*,*,*
구억리 검은굴,,,,NNP,*,T,*,*,*,*,*,*
한복입는 선흘집,,,,NNP,*,T,*,*,*,*,*,*
레더한,,,,NNP,*,T,*,*,*,*,*,*
캘리그라피 오월,,,,NNP,*,T,*,*,*,*,*,*
국립제주박물관,,,,NNP,*,T,*,*,*,*,*,*
효명사,,,,NNP,*,F,*,*,*,*,*,*
쁘램 요가,,,,NNP,*,F,*,*,*,*,*,*
덕천리 팔자 좋아 길,,,,NNP,*,T,*,*,*,*,*,*
외돌개,,,,NNP,*,F,*,*,*,*,*,*
한림바다체험마을,,,,NNP,*,T,*,*,*,*,*,*
유민미술관,,,,NNP,*,T,*,*,*,*,*,*
제주레일바이크,,,,NNP,*,F,*,*,*,*,*,*
한라산 아래 첫 마을,,,,NNP,*,T,*,*,*,*,*,*
산굼부리,,,,NNP,*,F,*,*,*,*,*,*
에코랜드 테마파크,,,,NNP,*,F,*,*,*,*,*,*
맛있는 철학자(태반의땅제주),,,,NNP,*,T,*,*,*,*,*,*
제주허브동산,,,,NNP,*,T,*,*,*,*,*,*
영주산,,,,NNP,*,T,*,*,*,*,*,*
도두동 무지개 해안도로,,,,NNP,*,F,*,*,*,*,*,*
한일우호연수원,,,,NNP,*,T,*,*,*,*,*,*
제주커피박물관 바움 Baum,,,,NNP,*,T,*,*,*,*,*,*
오르미카페,,,,NNP,*,F,*,*,*,*,*,*
한림바다 체험마을,,,,NNP,*,T,*,*,*,*,*,*
트랜스포머 오토봇 얼라이언스,,,,NNP,*,F,*,*,*,*,*,*
봉쥬르봉봉,,,,NNP,*,T,*,*,*,*,*,*
감수굴 밭담길,,,,NNP,*,T,*,*,*,*,*,*
내창트레킹,,,,NNP,*,T,*,*,*,*,*,*
오라동 청보리-메밀꽃밭,,,,NNP,*,T,*,*,*,*,*,*
신효베스트마을,,,,NNP,*,T,*,*,*,*,*,*
차귀도 (일몰),,,,NNP,*,T,*,*,*,*,*,*
액트(AC.lll.T) 볼링장,,,,NNP,*,T,*,*,*,*,*,*
미요캔들,,,,NNP,*,T,*,*,*,*,*,*
한복담_카테고리변경_삭제,,,,NNP,*,F,*,*,*,*,*,*
밝은오름 (벌근오름),,,,NNP,*,T,*,*,*,*,*,*
아름다운피부과,,,,NNP,*,F,*,*,*,*,*,*
신효 생활개선회,,,,NNP,*,F,*,*,*,*,*,*
"도너리오름(돌오름,돝내린오름,골체오름)",,,,NNP,*,T,*,*,*,*,*,*
쇠소깍해변,,,,NNP,*,T,*,*,*,*,*,*
제주인디,,,,NNP,*,F,*,*,*,*,*,*
조선한의원,,,,NNP,*,T,*,*,*,*,*,*
제주신영영화박물관 무비스타,,,,NNP,*,F,*,*,*,*,*,*
"웃밤(웃바매기,웃밤오름)",,,,NNP,*,T,*,*,*,*,*,*
독자봉,,,,NNP,*,T,*,*,*,*,*,*
손방둥이,,,,NNP,*,F,*,*,*,*,*,*
월라봉(효돈),,,,NNP,*,T,*,*,*,*,*,*
월라사,,,,NNP,*,F,*,*,*,*,*,*
행원육상양식단지,,,,NNP,*,F,*,*,*,*,*,*
제주샤르망,,,,NNP,*,T,*,*,*,*,*,*
포토갤러리 자연사랑미술관,,,,NNP,*,T,*,*,*,*,*,*
대정현역사자료전시관,,,,NNP,*,T,*,*,*,*,*,*
서귀포자연휴양림,,,,NNP,*,T,*,*,*,*,*,*
서귀포의료원,,,,NNP,*,T,*,*,*,*,*,*
곽지레저 & 서프나우,,,,NNP,*,F,*,*,*,*,*,*
절부암,,,,NNP,*,T,*,*,*,*,*,*
이스렁오름,,,,NNP,*,T,*,*,*,*,*,*
프랑스샤르망,,,,NNP,*,T,*,*,*,*,*,*
귀빈사,,,,NNP,*,F,*,*,*,*,*,*
제주센트럴파크,,,,NNP,*,F,*,*,*,*,*,*
제주베니스랜드,,,,NNP,*,F,*,*,*,*,*,*
제주별빛누리공원[제한적운영중],,,,NNP,*,T,*,*,*,*,*,*
제주돌문화공원,,,,NNP,*,T,*,*,*,*,*,*
송악산,,,,NNP,*,T,*,*,*,*,*,*
포니밸리,,,,NNP,*,F,*,*,*,*,*,*
감귤박물관,,,,NNP,*,T,*,*,*,*,*,*
소암현중화기념관,,,,NNP,*,T,*,*,*,*,*,*
"병곳오름 (벵곳오름, 안좌오름)",,,,NNP,*,T,*,*,*,*,*,*
우도봉 ATV,,,,NNP,*,T,*,*,*,*,*,*
제주햇살농원,,,,NNP,*,T,*,*,*,*,*,*
소병악 (족은오름),,,,NNP,*,T,*,*,*,*,*,*
청수성결교회,,,,NNP,*,F,*,*,*,*,*,*
성산 유채꽃재배단지,,,,NNP,*,F,*,*,*,*,*,*
예래생태체험관,,,,NNP,*,T,*,*,*,*,*,*
평대리해변,,,,NNP,*,T,*,*,*,*,*,*
해녀박물관,,,,NNP,*,T,*,*,*,*,*,*
제주올레 10-1코스,,,,NNP,*,F,*,*,*,*,*,*
마라도기원정사,,,,NNP,*,F,*,*,*,*,*,*
노리매공원,,,,NNP,*,T,*,*,*,*,*,*
굿다이버,,,,NNP,*,F,*,*,*,*,*,*
탑동해변공연장,,,,NNP,*,T,*,*,*,*,*,*
김녕해수욕장,,,,NNP,*,T,*,*,*,*,*,*
혼인지,,,,NNP,*,F,*,*,*,*,*,*
토토아뜰리에,,,,NNP,*,F,*,*,*,*,*,*
고내리 다락쉼터,,,,NNP,*,F,*,*,*,*,*,*
새시물,,,,NNP,*,T,*,*,*,*,*,*
느지리오름(망오름),,,,NNP,*,T,*,*,*,*,*,*
산지천갤러리,,,,NNP,*,F,*,*,*,*,*,*
동백포레스트,,,,NNP,*,F,*,*,*,*,*,*
샤이니숲길,,,,NNP,*,T,*,*,*,*,*,*
통일관,,,,NNP,*,T,*,*,*,*,*,*
스페이스닷원,,,,NNP,*,T,*,*,*,*,*,*
추억애거리,,,,NNP,*,F,*,*,*,*,*,*
소라의성,,,,NNP,*,T,*,*,*,*,*,*
칠머리길,,,,NNP,*,T,*,*,*,*,*,*
한림공원,,,,NNP,*,T,*,*,*,*,*,*
제주유리박물관,,,,NNP,*,T,*,*,*,*,*,*
거인의 정원,,,,NNP,*,T,*,*,*,*,*,*
어영공원,,,,NNP,*,T,*,*,*,*,*,*
용담 1동 벽화거리,,,,NNP,*,F,*,*,*,*,*,*
한라수목원,,,,NNP,*,T,*,*,*,*,*,*
갓전시관[임시휴관중],,,,NNP,*,T,*,*,*,*,*,*
진빌레 밭담길,,,,NNP,*,T,*,*,*,*,*,*
마린파크,,,,NNP,*,F,*,*,*,*,*,*
보통청춘기록실 청춘사진관,,,,NNP,*,T,*,*,*,*,*,*
청초밭영농조합법인,,,,NNP,*,T,*,*,*,*,*,*
거슨새미오름,,,,NNP,*,T,*,*,*,*,*,*
샛개오리,,,,NNP,*,F,*,*,*,*,*,*
성산포항,,,,NNP,*,T,*,*,*,*,*,*
테디베어뮤지엄제주,,,,NNP,*,F,*,*,*,*,*,*
표선세화해안도로,,,,NNP,*,F,*,*,*,*,*,*
초콜릿랜드,,,,NNP,*,F,*,*,*,*,*,*
제주롯데스카이힐컨트리클럽,,,,NNP,*,T,*,*,*,*,*,*
본지오름,,,,NNP,*,T,*,*,*,*,*,*
여문영아리,,,,NNP,*,F,*,*,*,*,*,*
제주한라병원,,,,NNP,*,T,*,*,*,*,*,*
방림원,,,,NNP,*,T,*,*,*,*,*,*
페인터즈:히어로 제주,,,,NNP,*,F,*,*,*,*,*,*
산방산탄산온천,,,,NNP,*,T,*,*,*,*,*,*
볼레낭길,,,,NNP,*,T,*,*,*,*,*,*
우도잠수함(제주씨월드),,,,NNP,*,T,*,*,*,*,*,*
부영컨트리클럽,,,,NNP,*,T,*,*,*,*,*,*
최남단 체험 감귤농장(가뫼물 농촌생태공원),,,,NNP,*,T,*,*,*,*,*,*
구좌해안로,,,,NNP,*,F,*,*,*,*,*,*
대포포구,,,,NNP,*,F,*,*,*,*,*,*
하도해변,,,,NNP,*,T,*,*,*,*,*,*
개오름,,,,NNP,*,T,*,*,*,*,*,*
제주올레 15-B코스,,,,NNP,*,F,*,*,*,*,*,*
세계조가비박물관,,,,NNP,*,T,*,*,*,*,*,*
제주민속촌,,,,NNP,*,T,*,*,*,*,*,*
석부작박물관,,,,NNP,*,T,*,*,*,*,*,*
예절이오름(여절악),,,,NNP,*,T,*,*,*,*,*,*
신양연안바다목장,,,,NNP,*,T,*,*,*,*,*,*
보롬왓,,,,NNP,*,T,*,*,*,*,*,*
신양포구,,,,NNP,*,F,*,*,*,*,*,*
"안세미 (명도오름,明道岳)",,,,NNP,*,T,*,*,*,*,*,*
방선문,,,,NNP,*,T,*,*,*,*,*,*
추사 유배길 - 2코스 인연의 길,,,,NNP,*,T,*,*,*,*,*,*
강창학 종합경기장,,,,NNP,*,T,*,*,*,*,*,*
성산항,,,,NNP,*,T,*,*,*,*,*,*
어승생승마장 Horseland Jeju,,,,NNP,*,T,*,*,*,*,*,*
이호-내도 해안도로,,,,NNP,*,F,*,*,*,*,*,*
한라산 청정촌,,,,NNP,*,T,*,*,*,*,*,*
삼의악트레킹코스,,,,NNP,*,F,*,*,*,*,*,*
제주오름승마랜드,,,,NNP,*,F,*,*,*,*,*,*
생각하는정원,,,,NNP,*,T,*,*,*,*,*,*
문화빳데리 충전소,,,,NNP,*,F,*,*,*,*,*,*
화조원,,,,NNP,*,T,*,*,*,*,*,*
가마오름 진지동굴,,,,NNP,*,T,*,*,*,*,*,*
바이나흐튼 크리스마스 박물관,,,,NNP,*,T,*,*,*,*,*,*
서복전시관,,,,NNP,*,T,*,*,*,*,*,*
제주레포츠랜드,,,,NNP,*,F,*,*,*,*,*,*
해녀의 태왁,,,,NNP,*,T,*,*,*,*,*,*
휴림,,,,NNP,*,T,*,*,*,*,*,*
애월 하물,,,,NNP,*,T,*,*,*,*,*,*
영남동,,,,NNP,*,T,*,*,*,*,*,*
한국건강관리협회제주특별자치도부,,,,NNP,*,F,*,*,*,*,*,*
윈드1947 카트테마파크,,,,NNP,*,F,*,*,*,*,*,*
추자등대,,,,NNP,*,F,*,*,*,*,*,*
별내린전망대,,,,NNP,*,F,*,*,*,*,*,*
제주판타지월드,,,,NNP,*,F,*,*,*,*,*,*
신천리 벽화마을,,,,NNP,*,T,*,*,*,*,*,*
원앙폭포,,,,NNP,*,F,*,*,*,*,*,*
금악오름(왕매),,,,NNP,*,T,*,*,*,*,*,*
법정사,,,,NNP,*,F,*,*,*,*,*,*
대병악,,,,NNP,*,T,*,*,*,*,*,*
빈네오름,,,,NNP,*,T,*,*,*,*,*,*
제주특별자치도 도립미술관,,,,NNP,*,T,*,*,*,*,*,*
어린이교통공원,,,,NNP,*,T,*,*,*,*,*,*
지그리오름,,,,NNP,*,T,*,*,*,*,*,*
"걸서악(서걸세,걸세오름)",,,,NNP,*,T,*,*,*,*,*,*
선족이오름(알선족이),,,,NNP,*,T,*,*,*,*,*,*
신산공원,,,,NNP,*,T,*,*,*,*,*,*
중문컨트리클럽,,,,NNP,*,T,*,*,*,*,*,*
제주참숯가마찜질방,,,,NNP,*,T,*,*,*,*,*,*
"걸서악 (동걸세, 걸세오름, 걸시오름)",,,,NNP,*,T,*,*,*,*,*,*
제주올레 1코스,,,,NNP,*,F,*,*,*,*,*,*
산지천,,,,NNP,*,T,*,*,*,*,*,*
족은바리메,,,,NNP,*,F,*,*,*,*,*,*
명월성지,,,,NNP,*,F,*,*,*,*,*,*
보롬이 오름,,,,NNP,*,T,*,*,*,*,*,*
가파도,,,,NNP,*,F,*,*,*,*,*,*
입산봉(삿갓오름),,,,NNP,*,T,*,*,*,*,*,*
냇길이소,,,,NNP,*,F,*,*,*,*,*,*
세미소(세미소오름),,,,NNP,*,T,*,*,*,*,*,*
토산봉(망오름),,,,NNP,*,T,*,*,*,*,*,*
곽지레저,,,,NNP,*,F,*,*,*,*,*,*
와흘본향당,,,,NNP,*,T,*,*,*,*,*,*
제주올레 1-1코스,,,,NNP,*,F,*,*,*,*,*,*
서귀포 다이브센터,,,,NNP,*,F,*,*,*,*,*,*
설오름,,,,NNP,*,T,*,*,*,*,*,*
"생기악 (생기오름, 생길이오름)",,,,NNP,*,T,*,*,*,*,*,*
파파월드,,,,NNP,*,F,*,*,*,*,*,*
밧세미 (밭생이),,,,NNP,*,T,*,*,*,*,*,*
제주동백수목원(위미리 애기동백나무군락),,,,NNP,*,T,*,*,*,*,*,*
들리오름 (들위오름),,,,NNP,*,T,*,*,*,*,*,*
머체왓숲길,,,,NNP,*,T,*,*,*,*,*,*
9.81 파크,,,,NNP,*,F,*,*,*,*,*,*
모지오름,,,,NNP,*,T,*,*,*,*,*,*
꽃썸,,,,NNP,*,T,*,*,*,*,*,*
"뒤굽은이 (뒤꾸부니, 뒤곱은이)",,,,NNP,*,T,*,*,*,*,*,*
제주올레 21코스,,,,NNP,*,F,*,*,*,*,*,*
제주올레 11코스,,,,NNP,*,F,*,*,*,*,*,*
종달리수국길,,,,NNP,*,T,*,*,*,*,*,*
제주사랑방(제주책방),,,,NNP,*,T,*,*,*,*,*,*
제주올레 17코스,,,,NNP,*,F,*,*,*,*,*,*
제주올레 6코스,,,,NNP,*,F,*,*,*,*,*,*
제주올레 19코스,,,,NNP,*,F,*,*,*,*,*,*
서귀포층패류화석산지,,,,NNP,*,F,*,*,*,*,*,*
제주올레 18코스,,,,NNP,*,F,*,*,*,*,*,*
바당미술관,,,,NNP,*,T,*,*,*,*,*,*
형제해안도로,,,,NNP,*,F,*,*,*,*,*,*
제주올레 16코스,,,,NNP,*,F,*,*,*,*,*,*
이호테우말등대,,,,NNP,*,F,*,*,*,*,*,*
제주올레 9코스,,,,NNP,*,F,*,*,*,*,*,*
위미항,,,,NNP,*,T,*,*,*,*,*,*
묵리해안쉼터,,,,NNP,*,F,*,*,*,*,*,*
배령연대,,,,NNP,*,F,*,*,*,*,*,*
제주올레 12코스,,,,NNP,*,F,*,*,*,*,*,*
백록담,,,,NNP,*,T,*,*,*,*,*,*
쇠소깍제트,,,,NNP,*,F,*,*,*,*,*,*
스위트몽키,,,,NNP,*,F,*,*,*,*,*,*
제주올레 14코스,,,,NNP,*,F,*,*,*,*,*,*
애월연대,,,,NNP,*,F,*,*,*,*,*,*
이호테우해수욕장_old,,,,NNP,*,F,*,*,*,*,*,*
곤물,,,,NNP,*,T,*,*,*,*,*,*
비양도등대,,,,NNP,*,F,*,*,*,*,*,*
어리목계곡,,,,NNP,*,T,*,*,*,*,*,*
제주올레 5코스,,,,NNP,*,F,*,*,*,*,*,*
아일랜드에프,,,,NNP,*,F,*,*,*,*,*,*
제주올레 18-1코스,,,,NNP,*,F,*,*,*,*,*,*
디스커버제주,,,,NNP,*,F,*,*,*,*,*,*
별도포구,,,,NNP,*,F,*,*,*,*,*,*
천지연폭포,,,,NNP,*,F,*,*,*,*,*,*
서귀포 축구공원,,,,NNP,*,T,*,*,*,*,*,*
남문지못,,,,NNP,*,T,*,*,*,*,*,*
"판포오름 (널개오름, 板浦岳)",,,,NNP,*,T,*,*,*,*,*,*
노을해안로,,,,NNP,*,F,*,*,*,*,*,*
고내리포구,,,,NNP,*,F,*,*,*,*,*,*
제주국제예술센터,,,,NNP,*,F,*,*,*,*,*,*
고근산(고공산),,,,NNP,*,T,*,*,*,*,*,*
물영아리오름,,,,NNP,*,T,*,*,*,*,*,*
차귀도,,,,NNP,*,F,*,*,*,*,*,*
마방목지,,,,NNP,*,F,*,*,*,*,*,*
매오름,,,,NNP,*,T,*,*,*,*,*,*
모구리오름,,,,NNP,*,T,*,*,*,*,*,*
동알오름,,,,NNP,*,T,*,*,*,*,*,*
바늘오름,,,,NNP,*,T,*,*,*,*,*,*
유건에오름,,,,NNP,*,T,*,*,*,*,*,*
문석이오름,,,,NNP,*,T,*,*,*,*,*,*
협재포구,,,,NNP,*,F,*,*,*,*,*,*
중문색달해수욕장,,,,NNP,*,T,*,*,*,*,*,*
메이즈랜드,,,,NNP,*,F,*,*,*,*,*,*
함덕카페거리,,,,NNP,*,F,*,*,*,*,*,*
성널오름 (성판악),,,,NNP,*,T,*,*,*,*,*,*
알프스승마장포니,,,,NNP,*,F,*,*,*,*,*,*
표선도서관,,,,NNP,*,T,*,*,*,*,*,*
사라봉공원,,,,NNP,*,T,*,*,*,*,*,*
물찻오름,,,,NNP,*,T,*,*,*,*,*,*
사라봉,,,,NNP,*,T,*,*,*,*,*,*
제주불교성지 순례길 절로가는길 - 선정의 길,,,,NNP,*,T,*,*,*,*,*,*
남원큰엉해변,,,,NNP,*,T,*,*,*,*,*,*
여미지식물원,,,,NNP,*,T,*,*,*,*,*,*
핀크스 골프클럽,,,,NNP,*,T,*,*,*,*,*,*
산방굴사,,,,NNP,*,F,*,*,*,*,*,*
법환포구,,,,NNP,*,F,*,*,*,*,*,*
바구스서핑스쿨,,,,NNP,*,T,*,*,*,*,*,*
차귀도유람선,,,,NNP,*,T,*,*,*,*,*,*
제주유리의성,,,,NNP,*,T,*,*,*,*,*,*
신양해안도로,,,,NNP,*,F,*,*,*,*,*,*
서귀포시립기당미술관,,,,NNP,*,T,*,*,*,*,*,*
노루생태관찰원,,,,NNP,*,T,*,*,*,*,*,*
높은오름,,,,NNP,*,T,*,*,*,*,*,*
불탑사 (5층석탑),,,,NNP,*,T,*,*,*,*,*,*
정의향교,,,,NNP,*,F,*,*,*,*,*,*
비양도,,,,NNP,*,F,*,*,*,*,*,*
파파빌레,,,,NNP,*,F,*,*,*,*,*,*
옷귀마테마타운,,,,NNP,*,T,*,*,*,*,*,*
김녕항,,,,NNP,*,T,*,*,*,*,*,*
대장금촬영지(제주민속촌),,,,NNP,*,T,*,*,*,*,*,*
휴애리 자연생활공원,,,,NNP,*,T,*,*,*,*,*,*
두산봉(말미오름),,,,NNP,*,T,*,*,*,*,*,*
애월한담해안산책로,,,,NNP,*,F,*,*,*,*,*,*
막숙,,,,NNP,*,T,*,*,*,*,*,*
조천중학원 옛터,,,,NNP,*,F,*,*,*,*,*,*
한라승마장,,,,NNP,*,T,*,*,*,*,*,*
섯알오름,,,,NNP,*,T,*,*,*,*,*,*
망장포,,,,NNP,*,F,*,*,*,*,*,*
안덕계곡[출입통제중(~2021년 5월 예정],,,,NNP,*,T,*,*,*,*,*,*
감귤상웨빵 체험,,,,NNP,*,T,*,*,*,*,*,*
온평리 환해장성,,,,NNP,*,T,*,*,*,*,*,*
낙천리아홉굿의자마을,,,,NNP,*,T,*,*,*,*,*,*
5.16도로숲터널,,,,NNP,*,T,*,*,*,*,*,*
정모시쉼터,,,,NNP,*,F,*,*,*,*,*,*
걸서악오름,,,,NNP,*,T,*,*,*,*,*,*
라온골프클럽,,,,NNP,*,T,*,*,*,*,*,*
제주향교,,,,NNP,*,F,*,*,*,*,*,*
"물메 (물미, 수산봉)",,,,NNP,*,T,*,*,*,*,*,*
팀케이,,,,NNP,*,F,*,*,*,*,*,*
포레스트 사파리,,,,NNP,*,F,*,*,*,*,*,*
신창풍차해안도로,,,,NNP,*,F,*,*,*,*,*,*
남수각 하늘길 벽화거리,,,,NNP,*,F,*,*,*,*,*,*
삼성혈,,,,NNP,*,T,*,*,*,*,*,*
쇠소깍,,,,NNP,*,T,*,*,*,*,*,*
반석탕,,,,NNP,*,T,*,*,*,*,*,*
남원 위미2리 어촌계,,,,NNP,*,F,*,*,*,*,*,*
이로이로공방,,,,NNP,*,T,*,*,*,*,*,*
고사리숲,,,,NNP,*,T,*,*,*,*,*,*
농개,,,,NNP,*,F,*,*,*,*,*,*
만장굴,,,,NNP,*,T,*,*,*,*,*,*
조천함덕해안도로,,,,NNP,*,F,*,*,*,*,*,*
제주다,,,,NNP,*,F,*,*,*,*,*,*
남내소,,,,NNP,*,F,*,*,*,*,*,*
거문오름(UNESCO 세계자연유산),,,,NNP,*,T,*,*,*,*,*,*
제주올레 7코스,,,,NNP,*,F,*,*,*,*,*,*
사계 용머리해안 (해산물),,,,NNP,*,T,*,*,*,*,*,*
오래물,,,,NNP,*,T,*,*,*,*,*,*
게우지코지,,,,NNP,*,F,*,*,*,*,*,*
비자림농원,,,,NNP,*,T,*,*,*,*,*,*
성이시돌목장,,,,NNP,*,T,*,*,*,*,*,*
섶섬(서귀포해양도립공원),,,,NNP,*,T,*,*,*,*,*,*
"군산(군산오름,코메오름)",,,,NNP,*,T,*,*,*,*,*,*
어승생,,,,NNP,*,T,*,*,*,*,*,*
고살리숲길,,,,NNP,*,T,*,*,*,*,*,*
용눈이오름,,,,NNP,*,T,*,*,*,*,*,*
제주목관아,,,,NNP,*,F,*,*,*,*,*,*
세인트포골프장,,,,NNP,*,T,*,*,*,*,*,*
탑동,,,,NNP,*,T,*,*,*,*,*,*
둔지봉,,,,NNP,*,T,*,*,*,*,*,*
제주절물자연휴양림,,,,NNP,*,T,*,*,*,*,*,*
윈드 1947 카트 테마 파크,,,,NNP,*,F,*,*,*,*,*,*
우도(해양도립공원),,,,NNP,*,T,*,*,*,*,*,*
토끼섬,,,,NNP,*,T,*,*,*,*,*,*
가파초등학교 마라분교장,,,,NNP,*,T,*,*,*,*,*,*
무릉곶자왈,,,,NNP,*,T,*,*,*,*,*,*
동백동산,,,,NNP,*,T,*,*,*,*,*,*
함덕백사장 & 서우봉,,,,NNP,*,T,*,*,*,*,*,*
용두암,,,,NNP,*,T,*,*,*,*,*,*
서귀포유람선,,,,NNP,*,T,*,*,*,*,*,*
윈드1947 카트 테마파크,,,,NNP,*,F,*,*,*,*,*,*
동검은이오름(거미오름),,,,NNP,*,T,*,*,*,*,*,*
신산신양해안도로 (해산물),,,,NNP,*,T,*,*,*,*,*,*
제주 삼양동 유적,,,,NNP,*,T,*,*,*,*,*,*
지미봉,,,,NNP,*,T,*,*,*,*,*,*
다랑쉬오름(월랑봉),,,,NNP,*,T,*,*,*,*,*,*
유리멘탈 스튜디오,,,,NNP,*,F,*,*,*,*,*,*
이니스프리제주하우스,,,,NNP,*,F,*,*,*,*,*,*
신양섭지해수욕장,,,,NNP,*,T,*,*,*,*,*,*
신화워터파크,,,,NNP,*,F,*,*,*,*,*,*
이호테우해수욕장,,,,NNP,*,T,*,*,*,*,*,*
산천단곰솔,,,,NNP,*,T,*,*,*,*,*,*
"천아오름(낭오름,天娥岳)",,,,NNP,*,T,*,*,*,*,*,*
거친오름,,,,NNP,*,T,*,*,*,*,*,*
애월환해장성,,,,NNP,*,T,*,*,*,*,*,*
수월봉 전기자전거,,,,NNP,*,F,*,*,*,*,*,*
주정공장(동척회사) 옛터,,,,NNP,*,F,*,*,*,*,*,*
김영갑갤러리 두모악,,,,NNP,*,T,*,*,*,*,*,*
붉은오름(성산읍),,,,NNP,*,T,*,*,*,*,*,*
테우마을 수원리 농어촌체험마을,,,,NNP,*,T,*,*,*,*,*,*
로로 요가,,,,NNP,*,F,*,*,*,*,*,*
밸런싱 요가,,,,NNP,*,F,*,*,*,*,*,*
족은노꼬메오름,,,,NNP,*,T,*,*,*,*,*,*
사진놀이터,,,,NNP,*,F,*,*,*,*,*,*
4·3해원방사탑,,,,NNP,*,T,*,*,*,*,*,*
조함해안도로,,,,NNP,*,F,*,*,*,*,*,*
플레이케이팝,,,,NNP,*,T,*,*,*,*,*,*
목시물굴,,,,NNP,*,T,*,*,*,*,*,*
평대해변,,,,NNP,*,T,*,*,*,*,*,*
현의합장묘역,,,,NNP,*,T,*,*,*,*,*,*
송령이골,,,,NNP,*,T,*,*,*,*,*,*
라신동,,,,NNP,*,T,*,*,*,*,*,*
환상숲 곶자왈공원,,,,NNP,*,T,*,*,*,*,*,*
이덕구 산전,,,,NNP,*,T,*,*,*,*,*,*
섭지코지,,,,NNP,*,F,*,*,*,*,*,*
세계자동차 & 피아노박물관,,,,NNP,*,T,*,*,*,*,*,*
제주올레 4코스,,,,NNP,*,F,*,*,*,*,*,*
큰넓궤,,,,NNP,*,F,*,*,*,*,*,*
임문숙 가족 헛묘,,,,NNP,*,F,*,*,*,*,*,*
함덕해수욕장,,,,NNP,*,T,*,*,*,*,*,*
제주조천스위스마을,,,,NNP,*,T,*,*,*,*,*,*
귤빛캠핑장,,,,NNP,*,T,*,*,*,*,*,*
백조일손지묘(백조일손지지),,,,NNP,*,T,*,*,*,*,*,*
한국야구명예전당(야구박물관),,,,NNP,*,T,*,*,*,*,*,*
솔동산8경,,,,NNP,*,T,*,*,*,*,*,*
연북정,,,,NNP,*,T,*,*,*,*,*,*
아부오름,,,,NNP,*,T,*,*,*,*,*,*
제주세계자연유산센터[4D영상관만 임시휴관중],,,,NNP,*,T,*,*,*,*,*,*
코코몽 에코파크,,,,NNP,*,F,*,*,*,*,*,*
한라산소주공장,,,,NNP,*,T,*,*,*,*,*,*
원동,,,,NNP,*,T,*,*,*,*,*,*
제주 이호털보 배낚시,,,,NNP,*,F,*,*,*,*,*,*
기독교순례길 3코스(사명의길),,,,NNP,*,T,*,*,*,*,*,*
갑자기 히어로즈 벽화길,,,,NNP,*,T,*,*,*,*,*,*
종달리해안도로,,,,NNP,*,F,*,*,*,*,*,*
승마마을 청수리 농어촌체험마을,,,,NNP,*,T,*,*,*,*,*,*
한동환해장성,,,,NNP,*,T,*,*,*,*,*,*
서귀포치유의숲,,,,NNP,*,T,*,*,*,*,*,*
거린오름 (북오름),,,,NNP,*,T,*,*,*,*,*,*
화순곶자왈생태탐방숲길,,,,NNP,*,T,*,*,*,*,*,*
사라오름,,,,NNP,*,T,*,*,*,*,*,*
신화테마파크,,,,NNP,*,F,*,*,*,*,*,*
제주국제공항(정뜨르비행장),,,,NNP,*,T,*,*,*,*,*,*
성읍마을,,,,NNP,*,T,*,*,*,*,*,*
다끄네포구(용담포구),,,,NNP,*,T,*,*,*,*,*,*
명월팽나무군락,,,,NNP,*,T,*,*,*,*,*,*
사려니숲길,,,,NNP,*,T,*,*,*,*,*,*
새섬,,,,NNP,*,T,*,*,*,*,*,*
쌍용굴(한림공원),,,,NNP,*,T,*,*,*,*,*,*
정주항,,,,NNP,*,T,*,*,*,*,*,*
제주카트클럽,,,,NNP,*,T,*,*,*,*,*,*
무릉도원마을,,,,NNP,*,T,*,*,*,*,*,*
정방폭포,,,,NNP,*,F,*,*,*,*,*,*
화북환해장성,,,,NNP,*,T,*,*,*,*,*,*
추사적거지,,,,NNP,*,F,*,*,*,*,*,*
김녕사굴,,,,NNP,*,T,*,*,*,*,*,*
별도연대,,,,NNP,*,F,*,*,*,*,*,*
서귀포해안,,,,NNP,*,T,*,*,*,*,*,*
신천리(용궁올레),,,,NNP,*,T,*,*,*,*,*,*
월정리 카약체험장,,,,NNP,*,T,*,*,*,*,*,*
초콜릿박물관,,,,NNP,*,T,*,*,*,*,*,*
우도 득성이코지,,,,NNP,*,F,*,*,*,*,*,*
영실기암,,,,NNP,*,T,*,*,*,*,*,*
다랑쉬굴,,,,NNP,*,T,*,*,*,*,*,*
싱게물(싱계물)공원,,,,NNP,*,T,*,*,*,*,*,*
제주올레 3코스,,,,NNP,*,F,*,*,*,*,*,*
제지기오름,,,,NNP,*,T,*,*,*,*,*,*
까끄래기오름,,,,NNP,*,T,*,*,*,*,*,*
제주토종흑염소목장,,,,NNP,*,T,*,*,*,*,*,*
제주제트,,,,NNP,*,F,*,*,*,*,*,*
당케산물(당케포구),,,,NNP,*,T,*,*,*,*,*,*
불카분낭 (불타버린 나무),,,,NNP,*,T,*,*,*,*,*,*
제스피 맥주협동조합 양조장,,,,NNP,*,T,*,*,*,*,*,*
제주다원 녹차미로공원,,,,NNP,*,T,*,*,*,*,*,*
제주라프 짚라인,,,,NNP,*,T,*,*,*,*,*,*
제주신화전설탐방로,,,,NNP,*,F,*,*,*,*,*,*
서귀포 펍크롤,,,,NNP,*,T,*,*,*,*,*,*
SM 디지털아트 뮤지엄,,,,NNP,*,T,*,*,*,*,*,*
궁대오름(궁대악),,,,NNP,*,T,*,*,*,*,*,*
제주우리병원,,,,NNP,*,T,*,*,*,*,*,*
더 플래닛 (THE PLANET),,,,NNP,*,T,*,*,*,*,*,*
월정리해변,,,,NNP,*,T,*,*,*,*,*,*
아침한의원,,,,NNP,*,T,*,*,*,*,*,*
고흐의 정원,,,,NNP,*,T,*,*,*,*,*,*
에밀리파크,,,,NNP,*,F,*,*,*,*,*,*
제주항공우주박물관,,,,NNP,*,T,*,*,*,*,*,*
담그멍족욕카페,,,,NNP,*,F,*,*,*,*,*,*
멍멍플레이스,,,,NNP,*,F,*,*,*,*,*,*
제주추사관,,,,NNP,*,T,*,*,*,*,*,*
라이트 아트 페스타[리모델링중],,,,NNP,*,T,*,*,*,*,*,*
제주미래교육연구원 과학탐구체험장,,,,NNP,*,T,*,*,*,*,*,*
브레이브독스,,,,NNP,*,F,*,*,*,*,*,*
서귀포농업기술센터 제주농업생태원,,,,NNP,*,T,*,*,*,*,*,*
노벨상 특별전,,,,NNP,*,T,*,*,*,*,*,*
포레스트 판타지아,,,,NNP,*,F,*,*,*,*,*,*
라온주 실내체험동물원,,,,NNP,*,T,*,*,*,*,*,*
렛츠런팜제주,,,,NNP,*,F,*,*,*,*,*,*
캔디원,,,,NNP,*,T,*,*,*,*,*,*
교래자연휴양림,,,,NNP,*,T,*,*,*,*,*,*
아침미소목장,,,,NNP,*,T,*,*,*,*,*,*
성읍랜드,,,,NNP,*,F,*,*,*,*,*,*
서프라이즈테마파크,,,,NNP,*,F,*,*,*,*,*,*
따라비오름,,,,NNP,*,T,*,*,*,*,*,*
제주아트센터,,,,NNP,*,F,*,*,*,*,*,*
이상한 나라의 앨리스,,,,NNP,*,F,*,*,*,*,*,*
목장카페 드르쿰다,,,,NNP,*,F,*,*,*,*,*,*
믿거나말거나박물관 제주,,,,NNP,*,F,*,*,*,*,*,*
곶자왈,,,,NNP,*,T,*,*,*,*,*,*
뽀로로&타요 테마파크 제주,,,,NNP,*,F,*,*,*,*,*,*
번개레이싱,,,,NNP,*,T,*,*,*,*,*,*
한라의향기,,,,NNP,*,F,*,*,*,*,*,*
비양도 연평리 야영지,,,,NNP,*,F,*,*,*,*,*,*
꿈바당 어린이도서관,,,,NNP,*,T,*,*,*,*,*,*
송악힐링풋스킨,,,,NNP,*,T,*,*,*,*,*,*
다이나믹메이즈,,,,NNP,*,F,*,*,*,*,*,*
일출랜드 아트센터,,,,NNP,*,F,*,*,*,*,*,*
퍼피월드,,,,NNP,*,F,*,*,*,*,*,*
서귀포천문과학문화관,,,,NNP,*,T,*,*,*,*,*,*
문서프,,,,NNP,*,F,*,*,*,*,*,*
북촌리 4.3길,,,,NNP,*,T,*,*,*,*,*,*
무릉자전거도로(환상자전거길 3구간),,,,NNP,*,T,*,*,*,*,*,*
오현단,,,,NNP,*,T,*,*,*,*,*,*
공방:하루_반,,,,NNP,*,T,*,*,*,*,*,*
함덕잠수함(이고제주),,,,NNP,*,T,*,*,*,*,*,*
서커스월드공연장,,,,NNP,*,T,*,*,*,*,*,*
한화리조트 테라피센터,,,,NNP,*,F,*,*,*,*,*,*
너븐숭이 4.3기념관,,,,NNP,*,T,*,*,*,*,*,*
우도다이브,,,,NNP,*,F,*,*,*,*,*,*
제주해양레저파크,,,,NNP,*,F,*,*,*,*,*,*
바릇스파,,,,NNP,*,F,*,*,*,*,*,*
더힐하우스스파,,,,NNP,*,F,*,*,*,*,*,*
WE호텔 웰니스센터,,,,NNP,*,F,*,*,*,*,*,*
이음새,,,,NNP,*,F,*,*,*,*,*,*
선흘1리 동백동산,,,,NNP,*,T,*,*,*,*,*,*
물뫼힐링팜,,,,NNP,*,T,*,*,*,*,*,*
제주해양레저파크,,,,NNP,*,F,*,*,*,*,*,*
애월해안도로,,,,NNP,*,F,*,*,*,*,*,*
관음사 야영장,,,,NNP,*,T,*,*,*,*,*,*
아라고나이트 온천(디아넥스호텔),,,,NNP,*,T,*,*,*,*,*,*
협재해수욕장,,,,NNP,*,T,*,*,*,*,*,*
제주잠수함(리더스클럽),,,,NNP,*,T,*,*,*,*,*,*
취다선리조트,,,,NNP,*,F,*,*,*,*,*,*
환상숲곶자왈 담앙족욕,,,,NNP,*,T,*,*,*,*,*,*
씨에스호텔 프라이빗스파,,,,NNP,*,F,*,*,*,*,*,*
가뫼물(제주농촌생태체험농장),,,,NNP,*,T,*,*,*,*,*,*
수목원테마공원(야시장길&LED공원),,,,NNP,*,T,*,*,*,*,*,*
애월스쿠버다이빙스쿨,,,,NNP,*,T,*,*,*,*,*,*
액티브파크,,,,NNP,*,F,*,*,*,*,*,*
김서프제주,,,,NNP,*,F,*,*,*,*,*,*
문도지오름 (문돗지),,,,NNP,*,T,*,*,*,*,*,*
이승이오름(이승악),,,,NNP,*,T,*,*,*,*,*,*
한라산국립공원,,,,NNP,*,T,*,*,*,*,*,*
제주아리랑 NEW 혼,,,,NNP,*,T,*,*,*,*,*,*
제주도공방노꼬메,,,,NNP,*,F,*,*,*,*,*,*
비체올린,,,,NNP,*,T,*,*,*,*,*,*
천아숲길 천아계곡,,,,NNP,*,T,*,*,*,*,*,*
신풍리 밭담길,,,,NNP,*,T,*,*,*,*,*,*
제주잠수함(국제리더스클럽),,,,NNP,*,T,*,*,*,*,*,*
제주고산리유적,,,,NNP,*,T,*,*,*,*,*,*
마라도 섬투어,,,,NNP,*,F,*,*,*,*,*,*
동백마을(신흥2리),,,,NNP,*,T,*,*,*,*,*,*
질그랭이센터,,,,NNP,*,F,*,*,*,*,*,*
휘닉스 르쏠레이테라피,,,,NNP,*,F,*,*,*,*,*,*
솔담현경철한의원,,,,NNP,*,T,*,*,*,*,*,*
롯데호텔 브이스파,,,,NNP,*,F,*,*,*,*,*,*
스위트호텔 아로마,,,,NNP,*,F,*,*,*,*,*,*
스누피가든,,,,NNP,*,T,*,*,*,*,*,*
제주여가마을,,,,NNP,*,T,*,*,*,*,*,*
새별헤이요목장,,,,NNP,*,T,*,*,*,*,*,*
아르떼뮤지엄,,,,NNP,*,T,*,*,*,*,*,*
더펫츠,,,,NNP,*,F,*,*,*,*,*,*
김택화미술관,,,,NNP,*,T,*,*,*,*,*,*
도치돌 알파카목장,,,,NNP,*,T,*,*,*,*,*,*
솔담한방병원,,,,NNP,*,T,*,*,*,*,*,*
탐나라공화국(제주남이섬),,,,NNP,*,T,*,*,*,*,*,*